<?xml version="1.0" encoding="utf-8"?>
<SaveSell>	<!-- Datos del vendedor -->
	<userIdentifier>2014042343</userIdentifier>	<!-- ID del producto -->
	<productoIdentifier>39</productoIdentifier>	<!-- ID del plan -->
	<planIdentifier>137</planIdentifier>	<!-- Datos del contratante INI -->
	<fullName>Lizeth</fullName>
	<firstName>López</firstName>
	<lastName>Vázquez</lastName>
	<birthDate>1988-05-06</birthDate>
	<nacionalityCode>74</nacionalityCode>
	<addressName>Calzada de las águilas</addressName>
	<addressNumber>433</addressNumber>
	<addressReference>2330</addressReference>
	<addressPostalCode>15510</addressPostalCode>
	<stateIdentifier>09</stateIdentifier>
	<districtIdentifier>17</districtIdentifier>
	<genderIdentifier>male</genderIdentifier>
	<phoneNumber>5528611324</phoneNumber>
	<email>lizeth.lopez@cardif.com.mx</email>	<!-- Datos del contratante FIN -->	<!-- Datos del cobro INI -->
	<paymentAmmount>504.00</paymentAmmount>
	<paymentDate>2019-07-16</paymentDate>	<!-- 1-Efectivo/3-Cuenta CLABE/4-Cuenta de Cheques/5-Tarjeta Debito/6-Tarjeta 
		Credito AMEX/7-Tarjeta Credito(VISA, MASTERCARD) -->
	<methodIdentifier>3</methodIdentifier>
	<CLABE>072180002351082982</CLABE>
	<cardNumber>5565720378694078</cardNumber>
	<cardHolderName>Lizeth Lopez Vazquez</cardHolderName>
	<codeCvv>492</codeCvv>
	<validityDate>22/12</validityDate>	<!-- Datos del cobro FIN -->	<!-- Tipo de respuesta esperada de la póliza generada (url, mail, file) -->
	<responseFile>
		<responseFileType>url</responseFileType>
	</responseFile>
	<extraField>  <![CDATA[<?xml version="1.0" encoding="UTF-8"?>  <CAMPOEXTRA>  <PARTYID>4</PARTYID>  <IDFRECUENCIA>3</IDFRECUENCIA>  <DURACION></DURACION>  <RFC>LOVL880506Q61</RFC>  <PAIS>74</PAIS>    <!-- Canal de Venta y Medios de notificación -->  <CANALVENTALST>    <CANALVENTA>      <IDCANAL>2</IDCANAL>      <NOTIFICACIONLST>        <NOTIFICACION>          <IDNOTIFICACION>1</IDNOTIFICACION>          <MEDIOENVIOLST>            <IDMEDIO>2</IDMEDIO>          </MEDIOENVIOLST>        </NOTIFICACION>              </NOTIFICACIONLST>    </CANALVENTA>		 <CANALVENTA>      <IDCANAL>2</IDCANAL>      <NOTIFICACIONLST>        <NOTIFICACION>          <IDNOTIFICACION>2</IDNOTIFICACION>          <MEDIOENVIOLST>            <IDMEDIO>3</IDMEDIO>          </MEDIOENVIOLST>        </NOTIFICACION>              </NOTIFICACIONLST>    </CANALVENTA>	  </CANALVENTALST>  <!-- Asegurado 1 -->    <insuredLst>    <insured>      	  <naturalPerson>	    <!-- Datos generales del Aseg 1 -->        <fullName>J Guadalupe</fullName>        <firstName>López</firstName>        <lastName>Leonardo</lastName>        <birthDate>1960-12-12</birthDate>        <genderIdentifier>male</genderIdentifier>        <nacionalityCode>74</nacionalityCode>        <pais>74</pais>        <isfumador>1</isfumador>		<rfc>LOVL880506J61</rfc>      </naturalPerson>	  <!-- Direccion del Aseg 1 -->       	  <contact>	         <address>		          <addressName>Miguel Hgo</addressName>          <addressNumber>94</addressNumber>          <addressReference>713</addressReference>          <addressPostalCode>42646</addressPostalCode>          <state>            <identifier>13</identifier>          </state>          <district>            <identifier>54</identifier>          </district>        </address>        <phoneContact>7727289601</phoneContact>        <phoneOther>7721617834</phoneOther>        <email>zil.manis@gmail.com</email>      </contact>	  <!-- Beneficiario 1 de Asegurado 1-->			<beneficiary>				<party>				<percent>50</percent>				<person>					<naturalPerson>						<!-- Nombre o Nombres del Beneficiario-->						<firstName>Aleida Roxana</firstName>															<!-- Apellido Paterno del Beneficiario-->						<middleName>López</middleName>							<!-- Apellido Materno del Beneficiario-->						<lastName>Vázquez</lastName>							<!-- Fecha de Nacimiento del Beneficiario-->						<birthDate>1986-03-20</birthDate>												  					</naturalPerson>				</person>					<partyRole>						<code>9</code>					</partyRole>				</party>				<!-- Beneficiario 1 de Asegurado 2-->							<party>				<percent>34</percent>				<person>					<naturalPerson>						<!-- Nombre o Nombres del Beneficiario-->						<firstName>Sara</firstName>															<!-- Apellido Paterno del Beneficiario-->						<middleName>Vázquez</middleName>							<!-- Apellido Materno del Beneficiario-->						<lastName>Montiel</lastName>							<!-- Fecha de Nacimiento del Beneficiario-->						<birthDate>1963-10-15</birthDate>								  					</naturalPerson>				</person>					<partyRole>						<code>2</code>					</partyRole>				</party><!-- Beneficiario 1 de Asegurado 3-->							<party>				<percent>16</percent>				<person>					<naturalPerson>						<!-- Nombre o Nombres del Beneficiario-->						<firstName>José Ángel de Jesús</firstName>															<!-- Apellido Paterno del Beneficiario-->						<middleName>Montoya</middleName>							<!-- Apellido Materno del Beneficiario-->						<lastName>López</lastName>							<!-- Fecha de Nacimiento del Beneficiario-->						<birthDate>2011-05-30</birthDate>								  					</naturalPerson>				</person>					<partyRole>						<code>11</code>					</partyRole>				</party>							</beneficiary>    </insured>  </insuredLst></CAMPOEXTRA>]]>
	</extraField>
</SaveSell>